-- ─── Flare OS — Seed inicial (generado desde lib/mock-data.ts) ─────────────
-- Ejecutar en Supabase → SQL Editor DESPUÉS de schema.sql.

insert into public.clients ("id", "name", "brand", "industry", "status", "owner", "priority", "current_phase", "health_status", "progress_percentage", "description", "main_goal", "monthly_goal", "content_goal", "main_kpi", "next_action", "important_links", "internal_notes", "last_update", "created_at", "updated_at") values
  ('c-universal', 'Universal Solutions Insurance Agency', 'Universal Solutions', 'Seguros', 'activo', 'Juan', 'alta', 'produccion', 'bien', 72, 'Agencia de seguros enfocada en la comunidad latina en EE.UU. Contenido educativo sobre seguros de vida, salud y auto.', 'Posicionar la marca como referente de seguros para latinos', 'Generar 40 leads calificados por mes', '16 piezas mensuales (8 reels, 6 carruseles, 2 historias)', 'Leads generados', 'Aprobar calendario editorial de julio', '[{"label":"Instagram","url":"https://instagram.com/universalsolutions"},{"label":"Drive de marca","url":"https://drive.google.com"}]'::jsonb, 'Cliente muy receptivo. Prefiere aprobar contenido los lunes. Tono cercano y educativo.', '2026-06-08', '2026-01-12', '2026-06-08'),
  ('c-autozone', 'Autozone', 'Autozone', 'Automotriz', 'activo', 'Sara', 'alta', 'publicacion', 'atencion', 58, 'Repuestos y accesorios automotrices. Foco en contenido de producto y promociones mensuales.', 'Aumentar tráfico a tienda física y WhatsApp', '300 clics a WhatsApp por mes', '12 piezas mensuales con foco en promociones', 'Clics a WhatsApp', 'Enviar propuesta de campaña de pauta para julio', '[{"label":"Instagram","url":"https://instagram.com/autozone"}]'::jsonb, 'Atrasos en aprobación de piezas. Insistir con recordatorios los miércoles.', '2026-06-05', '2026-02-03', '2026-06-05'),
  ('c-stx', 'STX', 'STX', 'Logística', 'activo', 'Juan', 'media', 'estrategia', 'bien', 35, 'Empresa de logística y transporte. Estamos definiendo la estrategia de contenido B2B en LinkedIn.', 'Construir autoridad B2B en LinkedIn', '8 publicaciones LinkedIn + 2 casos de éxito', '10 piezas mensuales B2B', 'Interacciones en LinkedIn', 'Presentar estrategia de contenido Q3', '[{"label":"LinkedIn","url":"https://linkedin.com"}]'::jsonb, 'Decisor: gerente comercial. Ciclo de aprobación lento.', '2026-06-07', '2026-04-20', '2026-06-07'),
  ('c-metalicas', 'Metálicas La 48', 'Metálicas La 48', 'Manufactura / Metalmecánica', 'activo', 'Andrés', 'media', 'produccion', 'atrasado', 44, 'Fabricación de estructuras metálicas, puertas y rejas. Contenido de portafolio y antes/después.', 'Generar cotizaciones por WhatsApp e Instagram', '25 cotizaciones por mes', '8 piezas mensuales de portafolio', 'Cotizaciones recibidas', 'Recoger material fotográfico de proyectos recientes', '[{"label":"Instagram","url":"https://instagram.com/metalicasla48"}]'::jsonb, 'Difícil conseguir material. Proponer sesión de fotos mensual fija.', '2026-05-28', '2026-03-15', '2026-05-28'),
  ('c-sedocare', 'Sedocare', 'Sedocare', 'Salud', 'pausado', 'Sara', 'baja', 'pausa', 'atencion', 60, 'Servicios de cuidado y enfermería domiciliaria. Pausa temporal por reestructuración interna del cliente.', 'Captar familias que necesitan cuidado domiciliario', 'En pausa', 'En pausa', 'Leads generados', 'Llamada de reactivación programada para el 20 de junio', '[]'::jsonb, 'Retomar contacto a mediados de junio. Buen historial de pago.', '2026-05-15', '2025-11-10', '2026-05-15'),
  ('c-ochopilates', 'Ocho Pilates', 'Ocho Pilates', 'Fitness / Bienestar', 'prospecto', 'Juan', 'alta', 'onboarding', 'bien', 15, 'Estudio de pilates boutique. Prospecto avanzado: propuesta enviada, en negociación de alcance.', 'Llenar clases y vender planes mensuales', 'Cerrar contrato en junio', 'Por definir en onboarding', 'Reservas de clase', 'Reunión de cierre el 12 de junio', '[{"label":"Instagram","url":"https://instagram.com/ochopilates"}]'::jsonb, 'Muy interesados en reels de comunidad y testimonios.', '2026-06-09', '2026-05-25', '2026-06-09');

insert into public.ideas ("cover_image", "id", "client_id", "title", "description", "category", "status", "priority", "format", "channel", "suggested_date", "publish_date", "responsible", "notes", "prompt", "references", "created_at", "updated_at") values
  ('https://picsum.photos/seed/flare-mitos/600/750', 'i-1', 'c-universal', 'Carrusel: 5 mitos sobre el seguro de vida', 'Desmontar los mitos más comunes que frenan a la comunidad latina a asegurar a su familia.', 'contenido', 'en_produccion', 'alta', 'carrusel', 'instagram', '2026-06-15', null, 'Sara', 'Usar testimonios reales anonimizados.', 'p-1', 'https://instagram.com/p/ejemplo-mitos', '2026-06-01', '2026-06-08'),
  ('https://picsum.photos/seed/flare-salud/600/750', 'i-2', 'c-universal', 'Reel: ¿Qué pasa si no tienes seguro de salud en USA?', 'Reel educativo con gancho fuerte sobre costos médicos reales.', 'contenido', 'en_revision', 'alta', 'reel', 'instagram', '2026-06-12', null, 'Andrés', 'Cliente quiere revisar el guion antes de grabar.', '', '', '2026-06-02', '2026-06-09'),
  ('https://picsum.photos/seed/flare-encuesta/600/750', 'i-3', 'c-universal', 'Historia: encuesta sobre tipos de seguro', 'Serie de historias con stickers de encuesta para activar la audiencia.', 'contenido', 'programada', 'media', 'historia', 'instagram', null, '2026-06-11', 'Sara', '', '', '', '2026-06-03', '2026-06-09'),
  ('', 'i-4', 'c-autozone', 'Reel: 3 señales de que tus frenos piden cambio', 'Contenido de valor + CTA a WhatsApp para cotizar repuestos.', 'contenido', 'validada', 'alta', 'reel', 'instagram', '2026-06-18', null, 'Andrés', 'Grabar en tienda con mecánico aliado.', '', '', '2026-06-04', '2026-06-07'),
  ('https://picsum.photos/seed/flare-promo/600/750', 'i-5', 'c-autozone', 'Anuncio: promo aceite + filtro junio', 'Pieza de pauta para promoción mensual con precio gancho.', 'campana', 'en_produccion', 'urgente', 'anuncio', 'facebook', '2026-06-13', null, 'Laura', 'Esperando confirmación de precio final.', '', '', '2026-06-05', '2026-06-09'),
  ('https://picsum.photos/seed/flare-checklist/600/750', 'i-6', 'c-autozone', 'Carrusel: checklist de viaje por carretera', 'Checklist visual de revisión del carro antes de vacaciones.', 'contenido', 'publicada', 'media', 'carrusel', 'instagram', null, '2026-06-05', 'Sara', 'Buen rendimiento: 230 compartidos.', '', '', '2026-05-28', '2026-06-06'),
  ('', 'i-7', 'c-stx', 'Caso de éxito: entrega crítica en 24 horas', 'Post B2B en LinkedIn contando un caso real de operación logística contrarreloj.', 'contenido', 'idea', 'media', 'blog', 'linkedin', '2026-06-25', null, 'Juan', 'Pedir datos y aprobación del cliente final.', '', '', '2026-06-06', '2026-06-06'),
  ('', 'i-8', 'c-stx', 'Estrategia de contenido Q3 LinkedIn', 'Documento de estrategia con pilares, frecuencia y formatos para Q3.', 'estrategia', 'en_produccion', 'alta', 'otro', 'linkedin', '2026-06-20', null, 'Juan', '', '', '', '2026-06-01', '2026-06-08'),
  ('', 'i-9', 'c-metalicas', 'Reel antes/después: portón industrial', 'Transformación de portón con time-lapse de instalación.', 'contenido', 'idea', 'alta', 'reel', 'instagram', '2026-06-22', null, 'Andrés', 'Bloqueada por falta de material en video.', '', '', '2026-06-02', '2026-06-02'),
  ('https://picsum.photos/seed/flare-rejas/600/750', 'i-10', 'c-metalicas', 'Carrusel: catálogo de rejas de seguridad', 'Top 6 diseños de rejas más cotizados con precios desde.', 'contenido', 'validada', 'media', 'carrusel', 'instagram', '2026-06-17', null, 'Sara', '', '', '', '2026-06-04', '2026-06-07'),
  ('', 'i-11', 'c-ochopilates', 'Reel de bienvenida: conoce el estudio', 'Tour del estudio con música tendencia, para arrancar si firman.', 'contenido', 'idea', 'media', 'reel', 'instagram', '2026-06-28', null, 'Juan', 'Condicionada al cierre del contrato.', '', '', '2026-06-09', '2026-06-09'),
  ('', 'i-12', null, 'Reel Flare: cómo trabajamos un mes de contenido', 'Contenido de marca propia mostrando el proceso interno de Flare.', 'contenido', 'idea', 'baja', 'reel', 'instagram', '2026-06-30', null, 'Laura', 'Marca propia, sin cliente asociado.', '', '', '2026-06-07', '2026-06-07'),
  ('', 'i-13', 'c-universal', 'Email: recordatorio open enrollment', 'Secuencia corta de 2 emails para la base de datos del cliente.', 'ventas', 'idea', 'media', 'email', 'email', '2026-07-01', null, 'Juan', '', '', '', '2026-06-08', '2026-06-08'),
  ('', 'i-14', 'c-autozone', 'Historia: detrás de cámaras en bodega', 'Contenido orgánico ligero para humanizar la marca.', 'contenido', 'archivada', 'baja', 'historia', 'instagram', null, null, 'Sara', 'Cliente prefirió no mostrar bodega.', '', '', '2026-05-20', '2026-05-30');

insert into public.tasks ("id", "client_id", "idea_id", "title", "description", "status", "priority", "responsible", "due_date", "area", "notes", "related_link", "created_at", "updated_at") values
  ('t-1', 'c-universal', 'i-1', 'Diseñar carrusel de mitos en Figma', '6 slides siguiendo la plantilla de marca de Universal.', 'en_progreso', 'alta', 'Sara', '2026-06-12', 'diseno', '', 'https://figma.com', '2026-06-05', '2026-06-09'),
  ('t-2', 'c-universal', 'i-2', 'Enviar guion del reel a revisión del cliente', 'Guion con gancho, desarrollo y CTA a WhatsApp.', 'en_revision', 'alta', 'Andrés', '2026-06-10', 'contenido', 'Cliente revisa los lunes.', '', '2026-06-06', '2026-06-09'),
  ('t-3', 'c-autozone', 'i-5', 'Confirmar precio final de la promo de junio', 'Llamar al encargado de tienda para validar precio aceite + filtro.', 'bloqueada', 'urgente', 'Laura', '2026-06-09', 'pauta', 'Sin respuesta del cliente desde el viernes.', '', '2026-06-05', '2026-06-09'),
  ('t-4', 'c-autozone', null, 'Armar reporte de resultados de mayo', 'Reporte mensual con métricas de Instagram y pauta.', 'pendiente', 'alta', 'Sara', '2026-06-08', 'estrategia', 'Atrasada: faltan datos de pauta.', '', '2026-06-01', '2026-06-08'),
  ('t-5', 'c-stx', 'i-8', 'Redactar pilares de contenido Q3', 'Definir 4 pilares con ejemplos de posts por pilar.', 'en_progreso', 'alta', 'Juan', '2026-06-16', 'estrategia', '', '', '2026-06-03', '2026-06-09'),
  ('t-6', 'c-metalicas', 'i-9', 'Coordinar grabación de instalación de portón', 'Agendar visita a obra con el equipo del cliente.', 'pendiente', 'alta', 'Andrés', '2026-06-14', 'contenido', 'Depende de la fecha de instalación del cliente.', '', '2026-06-04', '2026-06-04'),
  ('t-7', 'c-sedocare', null, 'Llamada de reactivación con Sedocare', 'Agenda: estado de la reestructuración y plan de reactivación.', 'pendiente', 'media', 'Sara', '2026-06-20', 'ventas', '', '', '2026-05-30', '2026-05-30'),
  ('t-8', 'c-ochopilates', null, 'Preparar propuesta final para Ocho Pilates', 'Ajustar alcance y precio según última conversación.', 'en_progreso', 'urgente', 'Juan', '2026-06-11', 'ventas', 'Reunión de cierre el 12 de junio.', '', '2026-06-07', '2026-06-09'),
  ('t-9', null, null, 'Actualizar portafolio de Flare en la web', 'Agregar casos de Universal y Autozone al sitio.', 'pendiente', 'baja', 'Laura', '2026-06-30', 'web', 'Tarea interna de Flare.', '', '2026-06-02', '2026-06-02'),
  ('t-10', 'c-universal', null, 'Programar contenido aprobado de la semana', 'Subir piezas aprobadas a Meta Business Suite.', 'completada', 'media', 'Sara', '2026-06-08', 'contenido', '', '', '2026-06-05', '2026-06-08');

insert into public.resources ("id", "client_id", "title", "type", "category", "content", "external_link", "tags", "created_at", "updated_at") values
  ('r-1', 'c-universal', 'Guía de tono y voz — Universal Solutions', 'referencia', 'cliente', 'Tono cercano, educativo y confiable. Hablar de ''tu familia'' y ''tu tranquilidad''. Evitar tecnicismos de seguros sin explicarlos. Siempre cerrar con CTA a WhatsApp.', '', '["branding","tono","universal"]'::jsonb, '2026-02-01', '2026-05-10'),
  ('r-2', null, 'Plantilla de reporte mensual', 'plantilla', 'estrategia', 'Estructura: 1) Resumen ejecutivo, 2) Métricas clave vs mes anterior, 3) Contenido top, 4) Aprendizajes, 5) Plan del próximo mes.', 'https://docs.google.com', '["reporte","plantilla","mensual"]'::jsonb, '2026-01-15', '2026-04-02'),
  ('r-3', null, 'Checklist de publicación', 'sop', 'contenido', '1. Copy revisado y sin errores. 2. Pieza aprobada por el cliente. 3. Hashtags según guía. 4. CTA claro. 5. Programada en horario óptimo. 6. Registrada en el calendario de Flare OS.', '', '["checklist","publicacion"]'::jsonb, '2026-03-01', '2026-03-01'),
  ('r-4', 'c-autozone', 'Banco de fotos de tienda Autozone', 'link', 'contenido', 'Carpeta con fotos aprobadas de tienda, productos y equipo.', 'https://drive.google.com', '["fotos","autozone"]'::jsonb, '2026-04-10', '2026-06-01'),
  ('r-5', null, 'Script de venta para prospectos', 'script', 'ventas', 'Apertura: diagnóstico gratuito de redes. Desarrollo: mostrar caso similar. Cierre: propuesta con 2 opciones de alcance.', '', '["ventas","prospectos"]'::jsonb, '2026-02-20', '2026-05-18');

insert into public.prompts ("id", "client_id", "title", "category", "prompt_content", "recommended_use", "required_variables", "tags", "created_at", "updated_at") values
  ('p-1', 'c-universal', 'Generador de carruseles educativos de seguros', 'contenido', 'Actúa como copywriter experto en seguros para la comunidad latina en USA. Crea un carrusel de {num_slides} slides sobre {tema}. Tono cercano y educativo. Slide 1: gancho fuerte. Slides intermedios: un punto por slide con ejemplo cotidiano. Último slide: CTA a WhatsApp. Marca: Universal Solutions.', 'Usar para generar borradores de carruseles educativos. Revisar siempre datos legales con el cliente.', '["num_slides","tema"]'::jsonb, '["carrusel","seguros","universal"]'::jsonb, '2026-03-05', '2026-05-22'),
  ('p-2', null, 'Guionista de reels con gancho', 'contenido', 'Actúa como guionista de reels virales. Escribe un guion de máximo {duracion} segundos sobre {tema} para la marca {marca}. Estructura: gancho en los primeros 2 segundos, desarrollo con 3 puntos rápidos, CTA final a {cta}. Lenguaje hablado, frases cortas.', 'Base para cualquier reel de cliente. Ajustar tono según la guía de marca.', '["duracion","tema","marca","cta"]'::jsonb, '["reel","guion","general"]'::jsonb, '2026-02-10', '2026-04-15'),
  ('p-3', null, 'Analista de métricas mensuales', 'estrategia', 'Actúa como estratega de redes sociales. Con estas métricas del mes: {metricas}, y las del mes anterior: {metricas_anteriores}, escribe un análisis de rendimiento con: 3 hallazgos clave, 2 alertas y 3 recomendaciones accionables para el próximo mes.', 'Usar al preparar reportes mensuales de cualquier cliente.', '["metricas","metricas_anteriores"]'::jsonb, '["metricas","reporte","analisis"]'::jsonb, '2026-03-20', '2026-03-20'),
  ('p-4', 'c-ochopilates', 'Ideas de contenido para estudio de pilates', 'contenido', 'Actúa como creador de contenido fitness. Genera {cantidad} ideas de contenido para un estudio boutique de pilates dirigido a mujeres 25-45. Mezcla: educación postural, comunidad, testimonios y promociones. Para cada idea: título, formato sugerido y gancho.', 'Brainstorming mensual si se cierra el contrato con Ocho Pilates.', '["cantidad"]'::jsonb, '["pilates","ideas","fitness"]'::jsonb, '2026-06-01', '2026-06-01');

insert into public.processes ("id", "client_id", "title", "area", "description", "steps", "responsible", "frequency", "status", "created_at", "updated_at") values
  ('pr-1', null, 'Onboarding de cliente nuevo', 'estrategia', 'Proceso estándar para arrancar con un cliente nuevo en máximo 2 semanas.', '["Reunión kickoff: objetivos, audiencia y expectativas","Recolección de accesos y material de marca","Auditoría de redes y competencia","Definición de estrategia y pilares de contenido","Creación del cliente en Flare OS con objetivos y KPIs","Primer calendario editorial aprobado"]'::jsonb, 'Juan', 'Por cliente nuevo', 'activo', '2026-01-10', '2026-04-01'),
  ('pr-2', null, 'Producción de carrusel', 'contenido', 'Flujo de producción de un carrusel desde idea hasta publicación.', '["Idea validada con cliente asociado en Flare OS","Redacción de copy por slide","Diseño en Figma con plantilla de marca","Revisión interna de calidad","Aprobación del cliente","Programación y registro en calendario"]'::jsonb, 'Sara', 'Por pieza', 'activo', '2026-01-20', '2026-03-12'),
  ('pr-3', null, 'Producción de reels', 'contenido', 'Flujo de producción de reels: guion, grabación, edición y entrega.', '["Guion con gancho aprobado","Plan de grabación (locación, props, talento)","Grabación","Edición con subtítulos y música","Revisión del cliente","Programación"]'::jsonb, 'Andrés', 'Por pieza', 'activo', '2026-02-01', '2026-05-05'),
  ('pr-4', null, 'Reporte mensual de resultados', 'estrategia', 'Entrega de reporte mensual a cada cliente activo.', '["Registrar métricas del mes en Flare OS","Comparar contra mes anterior y objetivos","Redactar hallazgos y recomendaciones","Armar presentación con plantilla","Agendar y presentar al cliente","Registrar próxima acción en la ficha del cliente"]'::jsonb, 'Juan', 'Mensual', 'activo', '2026-01-25', '2026-04-20'),
  ('pr-5', 'c-autozone', 'Proceso de pauta Autozone', 'pauta', 'Flujo de campañas de pauta mensual para Autozone.', '["Confirmar promo y presupuesto del mes","Diseñar piezas de anuncio","Montar campaña en Meta Ads","Optimización semanal","Reporte de resultados de pauta"]'::jsonb, 'Laura', 'Mensual', 'borrador', '2026-05-15', '2026-06-01');

insert into public.client_metrics ("id", "client_id", "period_month", "period_year", "instagram_followers", "monthly_reach", "interactions", "leads_generated", "whatsapp_clicks", "posts_published", "reels_published", "carousels_published", "stories_published", "ad_spend", "relevant_results", "performance_notes", "created_at", "updated_at") values
  ('m-1', 'c-universal', 4, 2026, 4820, 38500, 2150, 28, 145, 14, 7, 5, 18, 350, 'Reel de open enrollment llegó a 12k cuentas.', 'Buen mes. Los reels educativos superan al resto.', '2026-05-02', '2026-05-02'),
  ('m-2', 'c-universal', 5, 2026, 5240, 45200, 2680, 36, 188, 16, 8, 6, 22, 420, 'Récord de leads: 36. Carrusel de mitos fue el top del mes.', 'Cerca de la meta de 40 leads. Duplicar formato de mitos.', '2026-06-03', '2026-06-03'),
  ('m-3', 'c-autozone', 4, 2026, 8900, 52000, 1850, 0, 210, 11, 4, 5, 12, 600, 'Promo de abril generó 95 clics a WhatsApp.', 'El contenido de promociones convierte mejor que el educativo.', '2026-05-04', '2026-05-04'),
  ('m-4', 'c-autozone', 5, 2026, 9150, 48300, 1620, 0, 245, 10, 3, 5, 10, 600, '245 clics a WhatsApp, mejor mes del año.', 'Alcance bajó por menos reels publicados. Recuperar ritmo de producción.', '2026-06-05', '2026-06-05'),
  ('m-5', 'c-stx', 5, 2026, 1200, 8500, 420, 3, 12, 6, 1, 2, 4, 0, 'Primer post de LinkedIn con 40+ interacciones.', 'Aún en fase de estrategia, métricas base registradas.', '2026-06-04', '2026-06-04'),
  ('m-6', 'c-metalicas', 5, 2026, 3400, 15600, 890, 18, 95, 6, 2, 3, 8, 150, '18 cotizaciones, 3 cerradas en venta.', 'Meta de 25 cotizaciones no alcanzada por baja producción. Falta material.', '2026-06-06', '2026-06-06');
